{"camera_matrix": [[754.0799147896627, 0.0, 519.3839887222823], [0.0, 757.896061308569, 321.98167180157014], [0.0, 0.0, 1.0]], "dist_coeffs": [[0.04432671171211139, -0.2251408048183673, 0.010907087978768817, 0.005483663096347845, 0.2682350703606805]], "width": 1024, "height": 576}