{"camera_matrix": [[931.6120088248331, 0.0, 644.1848945069919], [0.0, 936.704423902727, 393.6826072986917], [0.0, 0.0, 1.0]], "dist_coeffs": [[-0.02675716248342055, 0.14521755146857723, 0.0069901555207427185, 0.0018072482375714129, -0.4108921811595763]], "width": 1280, "height": 720}