{"width": 640, "height": 480, "camera_matrix": [[636.2082212536982, 0.0, 300.70617201750775], [0.0, 632.082744081051, 240.51781448644016], [0.0, 0.0, 1.0]], "dist_coeffs": [[0.047998035085798835, -0.26223963732940164, -0.0013830468686280308, -0.010052685541295427, 0.5229974397887435]]}